{
  "appId": "com.fishfarm.pro",
  "appName": "Fish Farm Pro",
  "webDir": "www",
  "bundledWebRuntime": false,
  "server": {
    "androidScheme": "https"
  },
  "plugins": {
    "SplashScreen": {
      "launchShowDuration": 2000,
      "launchAutoHide": true,
      "backgroundColor": "#0f172a",
      "androidSplashResourceName": "splash",
      "androidScaleType": "CENTER_CROP",
      "showSpinner": false,
      "splashFullScreen": true,
      "splashImmersive": true
    },
    "StatusBar": {
      "style": "DARK",
      "backgroundColor": "#0f172a"
    },
    "Keyboard": {
      "resize": "body",
      "style": "DARK"
    }
  },
  "android": {
    "allowMixedContent": true,
    "captureInput": true,
    "webContentsDebuggingEnabled": false
  }
}
